<?xml version="1.0" encoding="UTF-8" standalone="yes"?>
<Policy name="Policy_Event1" state="ENABLED">
    <ExecutionDetails type="EVENTBASED">
        <EventExecutionMethod>
            <EventType name="BOOTSTRAP,BOOT,PI"/>
            <OneTimeProvision>NO</OneTimeProvision>
            <PnPStep>BEGIN</PnPStep>
            <ExecutionOrder>5</ExecutionOrder>
        </EventExecutionMethod>
    </ExecutionDetails>
    <OperationType type="SPV">
        <SPVOperation adminState="false">
            <SPVParameter name="Device.Services.FAPService.1.CellConfig.LTE.X_0005B9_CarrierAggregation.PccCaThr" addObject="false" value="75" dataType="unsignedInt"/>
            <SPVParameter name="Device.Services.FAPService.1.CellConfig.LTE.X_0005B9_CarrierAggregation.SccA2ThreshRSRQ" addObject="false" value="0" dataType="unsignedInt"/>
            <SPVParameter name="Device.Services.FAPService.1.CellConfig.LTE.X_0005B9_CarrierAggregation.SccA4ThreshRSRQ" addObject="false" value="34" dataType="unsignedInt"/>
            <SPVParameter name="Device.Services.FAPService.1.CellConfig.LTE.X_0005B9_CarrierAggregation.SccA2ThreshRSRP" addObject="false" value="36" dataType="unsignedInt"/>
            <SPVParameter name="Device.Services.FAPService.1.CellConfig.LTE.X_0005B9_CarrierAggregation.SccA4ThreshRSRP" addObject="false" value="50" dataType="unsignedInt"/>
            <SPVParameter name="Device.Services.FAPService.1.CellConfig.LTE.X_0005B9_CarrierAggregation.SccColocatedPairTime" addObject="false" value="1000" dataType="unsignedInt"/>
            <SPVParameter name="Device.Services.FAPService.1.CellConfig.LTE.X_0005B9_CarrierAggregation.CaLoadBalance" addObject="false" value="true" dataType="boolean"/>
            <SPVParameter name="Device.Services.FAPService.1.CellConfig.LTE.X_0005B9_CarrierAggregation.QloadCaLimitInstances" addObject="false" value="1" dataType="unsignedInt"/>
            <SPVParameter name="Device.Services.FAPService.1.CellConfig.LTE.X_0005B9_CarrierAggregation.CaUeThr" addObject="false" value="10" dataType="unsignedInt"/>
            <SPVParameter name="Device.Services.FAPService.1.CellConfig.LTE.X_0005B9_CarrierAggregation.SccCqiStaleTime" addObject="false" value="500" dataType="unsignedInt"/>
            <SPVParameter name="Device.Services.FAPService.1.CellConfig.LTE.X_0005B9_CarrierAggregation.McsScc" addObject="false" value="13" dataType="unsignedInt"/>
        </SPVOperation>
    </OperationType>
</Policy>
