<?xml version="1.0" encoding="UTF-8" standalone="yes"?>
<Policy name="TestImport_EventType_BC" state="DISABLED">
    <PolicyTarget>
        <DeviceType oui="0005B9" productClass="LTE_Enterprise_C-RANSC_Cntrl"/>
        <SoftwareVersion>6.0.0</SoftwareVersion>
    </PolicyTarget>
    <ExecutionDetails type="SCHEDULED">
        <ScheduleExecutionMethod>
            <Duration>1</Duration>
            <StartTime>2032-01-08T15:36:00.000Z</StartTime>
            <EndDate>
                <NoEndDate></NoEndDate>
            </EndDate>
        </ScheduleExecutionMethod>
    </ExecutionDetails>
    <OperationType type="GPV">
        <GPVOperation>
            <GPVParameter name="Device.Time.Enable"/>
        </GPVOperation>
    </OperationType>
</Policy>
