<?xml version="1.0" encoding="UTF-8" standalone="yes"?>
<netconf-device>
    <deviceList>
        <device>
            <id>drop2-3031cucp1</id>
            <oui>0005B9</oui>
            <productClass>CS_ONECELL_CU-CP</productClass>
            <ipaddress>10.212.2.22</ipaddress>
            <port>22883</port>
            <swVersion>6.0.1</swVersion>
            <userName>root</userName>
            <key>
                <secretKeyFile>1_CUCP_privatekey.txt</secretKeyFile>
            </key>
        </device>
        <device>
            <id>drop2-3031cuup1</id>
            <oui>0005B9</oui>
            <productClass>CS_ONECELL_CU-UP</productClass>
            <ipaddress>10.212.2.22</ipaddress>
            <port>22884</port>
            <swVersion>6.0.1</swVersion>
            <userName>root</userName>
            <key>
                <secretKeyFile>2_CUUP_privatekey.txt</secretKeyFile>
            </key>
        </device>
        <device>
            <id>drop2-3031du1</id>
            <oui>0005B9</oui>
            <productClass>CS_ONECELL_DU</productClass>
            <ipaddress>10.212.2.22</ipaddress>
            <port>22885</port>
            <swVersion>6.0.1</swVersion>
            <userName>root</userName>
            <key>
                <secretKeyFile>3_DU_privatekey.txt</secretKeyFile>
            </key>
        </device>
    </deviceList>
</netconf-device>
