<?xml version="1.0" encoding="UTF-8" standalone="yes"?>
<VenueDetails>
    <Venue name="drop2">
        <Address>Address not available</Address>
        <GeoLocBoundary>
            <Coordinates boundaryType="Polygon">
                <point>-100.74573172,47.24010416</point>
                <point>-100.74553056,47.24019582</point>
                <point>-100.74533654,47.24011995</point>
                <point>-100.74523373,47.23997062</point>
                <point>-100.74537499,47.2398735</point>
                <point>-100.74563516,47.23988564</point>
                <point>-100.74575855,47.23999915</point>
                <point>-100.74579699,47.24006714</point>
                <point>-100.74577374,47.24008595</point>
                <point>-100.74573172,47.24010416</point>
            </Coordinates>
        </GeoLocBoundary>
        <Buildings>
            <Building name="BldgM003">
                <GeoLocBoundary>
                    <Coordinates boundaryType="Rectangle">
                        <point>-100.74568545672773,47.23994376051607</point>
                        <point>-100.74538236710904,47.23994376051607</point>
                        <point>-100.74538236710904,47.240079123649025</point>
                        <point>-100.74568545672773,47.240079123649025</point>
                        <point>-100.74568545672773,47.23994376051607</point>
                    </Coordinates>
                </GeoLocBoundary>
                <Floors>
                    <Floor number="Floor1" section="Floor1">
                        <FloorplanImage>FloorPlanImage_BldgM003_Floor1_Floor1.jpeg</FloorplanImage>
                        <Calibration>
                            <Point1>
                                <Longitude>53.731177535495206</Longitude>
                                <Latitude>-70.44450860667351</Latitude>
                                <X_cordinate>30.146396599235914</X_cordinate>
                                <Y_cordinate>404.6939845081851</Y_cordinate>
                            </Point1>
                            <Point2>
                                <Longitude>53.73136701278857</Longitude>
                                <Latitude>-70.44441087250455</Latitude>
                                <X_cordinate>352.39792157912444</X_cordinate>
                                <Y_cordinate>50.68089650159715</Y_cordinate>
                            </Point2>
                        </Calibration>
                    </Floor>
                </Floors>
            </Building>
        </Buildings>
    </Venue>
    <Devices>
        <Topology venue="drop2" building="BldgM003" floor="Floor1">
            <Devices_Type oui="0005B9" productClass="CS_ONECELL_CU-CP">
                <Device serialNumber="drop2-3031cucp1">
                    <X_cordinate>268.27081298828125</X_cordinate>
                    <Y_cordinate>257.16666412353516</Y_cordinate>
                    <Longitude>-100.7545308640963</Longitude>
                    <Latitude>47.2389816005847</Latitude>
                </Device>
            </Devices_Type>
            <Devices_Type oui="0005B9" productClass="CS_ONECELL_CU-UP">
                <Device serialNumber="drop2-3031cuup1">
                    <X_cordinate>294.27081298828125</X_cordinate>
                    <Y_cordinate>320.16666412353516</Y_cordinate>
                    <Longitude>-100.75174774148</Longitude>
                    <Latitude>47.2395786899502</Latitude>
                </Device>
            </Devices_Type>
            <Devices_Type oui="0005B9" productClass="CS_ONECELL_DU">
                <Device serialNumber="drop2-3031du1">
                    <X_cordinate>308.27081298828125</X_cordinate>
                    <Y_cordinate>409.16666412353516</Y_cordinate>
                    <Longitude>-100.7476390456621</Longitude>
                    <Latitude>47.2403890496121</Latitude>
                </Device>
            </Devices_Type>
        </Topology>
    </Devices>
</VenueDetails>
