<?xml version="1.0" encoding="UTF-8" standalone="yes"?>
<Policy name="TestImport_EventType_CUCP" state="DISABLED">
    <PolicyTarget>
        <DeviceType oui="0005B9" productClass="CS_ONECELL_CU-CP"/>
        <SoftwareVersion>6.0.0</SoftwareVersion>
    </PolicyTarget>
    <ExecutionDetails type="SCHEDULED">
        <ScheduleExecutionMethod>
            <Duration>1</Duration>
            <StartTime>2032-01-07T15:08:00.000Z</StartTime>
            <EndDate>
                <NoEndDate></NoEndDate>
            </EndDate>
        </ScheduleExecutionMethod>
    </ExecutionDetails>
    <OperationType type="GET_CONFIGURED_DATA">
        <GCDOperation>
            <GCDParameter name="commscope-ves-listener-info:VesListenerInfo/VesListenerUrl" dataType="string" paramType="leaf"/>
        </GCDOperation>
    </OperationType>
</Policy>
