<?xml version="1.0" encoding="UTF-8" standalone="yes"?>
<netconf-device>
    <deviceList>
        <device>
            <id>csblrlabsvtcc1ec16-1016cuup1</id>
            <oui>0005B9</oui>
            <productClass>CS_ONECELL_CU-UP</productClass>
            <ipaddress>2005:11:6:9a::2</ipaddress>
            <port>830</port>
            <swVersion>6.0.00.052</swVersion>
            <userName>root</userName>
            <key>
                <secretKeyFile>272_CUUP_privatekey.txt</secretKeyFile>
            </key>
        </device>
    </deviceList>
</netconf-device>
