<?xml version="1.0" encoding="UTF-8" standalone="yes"?>
<Policy name="TestImport_EventType_CUUP" state="ENABLED">
    <PolicyTarget>
        <DeviceType oui="0005B9" productClass="CS_ONECELL_CU-UP"/>
        <SoftwareVersion>6.0.0</SoftwareVersion>
    </PolicyTarget>
    <ExecutionDetails type="EVENTBASED">
        <EventExecutionMethod>
            <EventType name="CONNECT"/>
            <OneTimeProvision>NO</OneTimeProvision>
            <PnPStep>BEGIN</PnPStep>
            <StartTime>2032-01-07T21:41:00.000Z</StartTime>
            <EndDate>
                <NoEndDate></NoEndDate>
            </EndDate>
            <ExecutionOrder>5</ExecutionOrder>
        </EventExecutionMethod>
    </ExecutionDetails>
    <OperationType type="GET_CONFIGURED_DATA">
        <GCDOperation>
            <GCDParameter name="commscope-ves-listener-info:VesListenerInfo/VesListenerUrl" dataType="string" paramType="leaf"/>
        </GCDOperation>
    </OperationType>
</Policy>
